id;profile_biz_id;uid;login;email;update_uid;enable;order_num;created_date;modified_date
1;5467;20294;blah;Isac_Fritsch@gmail.com;24361;false;29280;7314;7162
2;13527;7652;apropos furthermore license;Alda_Heller@gmail.com;30738;false;23087;25251;19545
3;15135;220;vacation zowie hastily;Magali_Weimann@yahoo.com;30197;false;21686;7507;18990
4;19029;19035;fictionalise begin;Else84@hotmail.com;21124;false;27609;15685;10965
5;27954;26453;almost;Pierce58@yahoo.com;9582;false;4969;11336;3109
6;15570;18832;mime atop chassis;Guadalupe.Gerhold81@yahoo.com;6836;true;17627;14578;3903
7;11117;12680;mint outclass weird;Penelope23@yahoo.com;31414;true;1851;7417;19102
8;14759;19679;lazily deliberately oblong;Molly.Koepp58@yahoo.com;10043;false;31972;8210;13946
9;12588;728;meanwhile consequently questioningly;Carolyn.Wolf@yahoo.com;20348;false;14983;5347;23838
10;25191;12793;to lunchmeat;Vickie_Torp65@yahoo.com;14006;true;5992;10936;28164
